date,path,title,count,uniques
2023-11-14,/astrochun/github-stats-pages,astrochun/github-stats-pages: Retrieve statistics for a user's repositories a...,3,3
2023-11-14,/astrochun/MMTtools,GitHub - astrochun/MMTtools: A set of Python 2.7 and 3.x codes to use with da...,2,2
2023-11-14,/astrochun/Telluric_Flux,astrochun/Telluric_Flux: Python 2.7 code to determine spectral sensitivity wi...,1,1
2023-11-14,/astrochun/tep-usage-analysis,GitHub - astrochun/tep-usage-analysis: Analyze TEP usage,1,1
2023-11-14,/astrochun/Zcalbase_gal/tree/master/analysis/deep2_r23_o32,Zcalbase_gal/analysis/deep2_r23_o32 at master · astrochun/Zcalbase_gal · GitHub,9,1
2023-11-14,/astrochun/Zcalbase_gal/blob/master/analysis/deep2_r23_o32/stackboth_mastergrid.py,Zcalbase_gal/analysis/deep2_r23_o32/stackboth_mastergrid.py at master · astro...,4,1
2023-11-14,/astrochun/Zcalbase_gal/tree/master/analysis/deep2_r23_o32/plotting,Zcalbase_gal/analysis/deep2_r23_o32/plotting at master · astrochun/Zcalbase_g...,3,1
2023-11-14,/astrochun/Zcalbase_gal/blob/master/analysis/deep2_r23_o32/general.py,Zcalbase_gal/analysis/deep2_r23_o32/general.py at master · astrochun/Zcalbase...,2,1
2023-11-14,/astrochun/Zcalbase_gal/blob/master/analysis/deep2_r23_o32/__init__.py,Zcalbase_gal/analysis/deep2_r23_o32/__init__.py at master · astrochun/Zcalbas...,2,1
2023-11-14,/astrochun/Zcalbase_gal/blob/master/analysis/deep2_r23_o32/plotting/color_bin_plotting.py,Zcalbase_gal/analysis/deep2_r23_o32/plotting/color_bin_plotting.py at master ...,2,1
2023-11-14,/astrochun/Zcalbase_gal/blob/master/analysis/deep2_r23_o32/zoom_and_gauss_general.py,Zcalbase_gal/analysis/deep2_r23_o32/zoom_and_gauss_general.py at master · ast...,2,1
